graph,vertices / edges,degrees,vconn / econn,girth,spectral gap,expansion,tau3 vertices / edges,tau3 min / avg / max degree,tau4 comp,min UECBOs
EFzo,6 / 10,"4,4,3,3,3,3",3 / 3,3,3.06695,1.66667,72 / 204,5 - 5.66667 - 6,2,82
EQ~o,6 / 10,"4,4,3,3,3,3",2 / 3,3,2.37228,1.33333,72 / 224,4 - 6.22222 - 7,8,144
EUZw,6 / 10,"5,3,3,3,3,3",3 / 3,3,2.83146,1.66667,60 / 160,5 - 5.33333 - 6,1,108
EUzo,6 / 10,"4,4,3,3,3,3",3 / 3,3,2.58655,1.33333,68 / 194,4 - 5.70588 - 7,2,108
